{
  "project_info": {
    "project_number": "574502209357",
    "project_id": "ashq-a90b9",
    "storage_bucket": "ashq-a90b9.appspot.com"
  },
  "client": [
    {
      "client_info": {
        "mobilesdk_app_id": "1:574502209357:android:08cf3d8bd3bfa3fc135904",
        "android_client_info": {
          "package_name": "com.ntpc.vehicleq"
        }
      },
      "oauth_client": [
        {
          "client_id": "574502209357-7hpvenll1a9v1ttmpa6h6m6c142kmcr6.apps.googleusercontent.com",
          "client_type": 3
        }
      ],
      "api_key": [
        {
          "current_key": "AIzaSyAjtOC8VUcP81rlotKULnKbfLrrwwd8R3s"
        }
      ],
      "services": {
        "appinvite_service": {
          "other_platform_oauth_client": [
            {
              "client_id": "574502209357-7hpvenll1a9v1ttmpa6h6m6c142kmcr6.apps.googleusercontent.com",
              "client_type": 3
            }
          ]
        }
      }
    }
  ],
  "configuration_version": "1"
}